56, 0 %, 1 MiB
56, 0 %, 3 MiB
55, 0 %, 3 MiB
56, 2 %, 552 MiB
65, 99 %, 6758 MiB
66, 99 %, 6758 MiB
67, 99 %, 6758 MiB
67, 99 %, 6758 MiB
68, 99 %, 6758 MiB
69, 99 %, 6758 MiB
69, 99 %, 6758 MiB
69, 99 %, 6758 MiB
69, 99 %, 6758 MiB
70, 99 %, 6758 MiB
70, 99 %, 6758 MiB
71, 99 %, 6758 MiB
71, 99 %, 6758 MiB
71, 99 %, 6758 MiB
71, 99 %, 6758 MiB
72, 99 %, 6758 MiB
72, 99 %, 6758 MiB
72, 99 %, 6758 MiB
72, 99 %, 6758 MiB
72, 99 %, 6758 MiB
73, 99 %, 6758 MiB
73, 99 %, 6758 MiB
72, 99 %, 6758 MiB
73, 99 %, 6758 MiB
72, 99 %, 6758 MiB
73, 99 %, 6758 MiB
72, 99 %, 6758 MiB
73, 98 %, 6758 MiB
73, 99 %, 6758 MiB
73, 99 %, 6758 MiB
73, 99 %, 6758 MiB
74, 99 %, 6758 MiB
74, 99 %, 6758 MiB
73, 99 %, 6758 MiB
74, 99 %, 6758 MiB
74, 99 %, 6758 MiB
74, 99 %, 6758 MiB
74, 99 %, 6758 MiB
73, 98 %, 6758 MiB
74, 99 %, 6758 MiB
74, 99 %, 6758 MiB
74, 99 %, 6758 MiB
74, 98 %, 6758 MiB
74, 98 %, 6758 MiB
73, 98 %, 6758 MiB
74, 99 %, 6758 MiB
73, 99 %, 6758 MiB
74, 99 %, 6758 MiB
74, 99 %, 6758 MiB
74, 99 %, 6758 MiB
74, 99 %, 6758 MiB
73, 99 %, 6758 MiB
73, 98 %, 6758 MiB
74, 99 %, 6758 MiB
74, 99 %, 6758 MiB
74, 99 %, 6758 MiB
74, 99 %, 6758 MiB
74, 99 %, 6758 MiB
73, 99 %, 6758 MiB
74, 98 %, 6758 MiB
75, 99 %, 6758 MiB
74, 99 %, 6758 MiB
73, 99 %, 6758 MiB
74, 99 %, 6758 MiB
74, 99 %, 6758 MiB
74, 99 %, 6758 MiB
74, 99 %, 6758 MiB
74, 99 %, 6758 MiB
73, 99 %, 6758 MiB
74, 99 %, 6758 MiB
74, 98 %, 6758 MiB
73, 99 %, 6758 MiB
74, 99 %, 6758 MiB
74, 99 %, 6758 MiB
74, 99 %, 6758 MiB
74, 99 %, 6758 MiB
74, 98 %, 6758 MiB
74, 99 %, 6758 MiB
74, 99 %, 6758 MiB
74, 98 %, 6758 MiB
74, 99 %, 6758 MiB
73, 99 %, 6758 MiB
74, 99 %, 6758 MiB
74, 99 %, 6758 MiB
73, 99 %, 6758 MiB
73, 99 %, 6758 MiB
74, 98 %, 6758 MiB
74, 99 %, 6758 MiB
73, 99 %, 6758 MiB
74, 99 %, 6758 MiB
74, 99 %, 6758 MiB
75, 99 %, 6758 MiB
74, 99 %, 6758 MiB
74, 99 %, 6758 MiB
74, 99 %, 6758 MiB
74, 99 %, 6758 MiB
74, 99 %, 6758 MiB
74, 99 %, 6758 MiB
74, 99 %, 6758 MiB
74, 98 %, 6758 MiB
74, 99 %, 6758 MiB
74, 99 %, 6758 MiB
74, 99 %, 6758 MiB
74, 99 %, 6758 MiB
74, 99 %, 6758 MiB
75, 98 %, 6758 MiB
74, 99 %, 6758 MiB
74, 99 %, 6758 MiB
75, 99 %, 6758 MiB
74, 98 %, 6758 MiB
74, 99 %, 6758 MiB
74, 99 %, 6758 MiB
74, 99 %, 6758 MiB
74, 99 %, 6758 MiB
74, 98 %, 6758 MiB
74, 99 %, 6758 MiB
74, 99 %, 6758 MiB
74, 99 %, 6758 MiB
74, 98 %, 6758 MiB
74, 99 %, 6758 MiB
74, 99 %, 6758 MiB
73, 98 %, 6758 MiB
74, 99 %, 6758 MiB
74, 99 %, 6758 MiB
73, 98 %, 6758 MiB
74, 98 %, 6758 MiB
74, 99 %, 6758 MiB
74, 99 %, 6758 MiB
74, 99 %, 6758 MiB
74, 98 %, 6758 MiB
74, 99 %, 6758 MiB
73, 99 %, 6758 MiB
74, 99 %, 6758 MiB
74, 98 %, 6758 MiB
74, 98 %, 6758 MiB
74, 99 %, 6758 MiB
73, 99 %, 6758 MiB
74, 98 %, 6758 MiB
74, 99 %, 6758 MiB
74, 99 %, 6758 MiB
74, 99 %, 6758 MiB
74, 99 %, 6758 MiB
74, 99 %, 6758 MiB
73, 99 %, 6758 MiB
74, 98 %, 6758 MiB
73, 99 %, 6758 MiB
74, 99 %, 6758 MiB
74, 99 %, 6758 MiB
73, 98 %, 6758 MiB
74, 99 %, 6758 MiB
74, 99 %, 6758 MiB
74, 99 %, 6758 MiB
73, 99 %, 6758 MiB
74, 99 %, 6758 MiB
74, 99 %, 6758 MiB
74, 99 %, 6758 MiB
74, 99 %, 6758 MiB
74, 99 %, 6758 MiB
74, 98 %, 6758 MiB
74, 99 %, 6758 MiB
74, 99 %, 6758 MiB
73, 99 %, 6758 MiB
74, 99 %, 6758 MiB
74, 99 %, 6758 MiB
74, 98 %, 6758 MiB
74, 99 %, 6758 MiB
74, 99 %, 6758 MiB
74, 99 %, 6758 MiB
73, 98 %, 6758 MiB
74, 99 %, 6758 MiB
74, 99 %, 6758 MiB
74, 99 %, 6758 MiB
74, 99 %, 6758 MiB
74, 98 %, 6758 MiB
74, 99 %, 6758 MiB
74, 99 %, 6758 MiB
74, 99 %, 6758 MiB
74, 99 %, 6758 MiB
74, 99 %, 6758 MiB
73, 99 %, 6758 MiB
74, 98 %, 6758 MiB
74, 99 %, 6758 MiB
74, 99 %, 6758 MiB
73, 99 %, 6758 MiB
74, 99 %, 6758 MiB
74, 99 %, 6758 MiB
73, 99 %, 6758 MiB
74, 99 %, 6758 MiB
74, 99 %, 6758 MiB
74, 99 %, 6758 MiB
73, 99 %, 6758 MiB
74, 99 %, 6758 MiB
74, 98 %, 6758 MiB
74, 99 %, 6758 MiB
74, 99 %, 6758 MiB
73, 99 %, 6758 MiB
73, 98 %, 6758 MiB
73, 99 %, 6758 MiB
73, 99 %, 6758 MiB
74, 99 %, 6758 MiB
73, 99 %, 6758 MiB
74, 99 %, 6758 MiB
73, 99 %, 6758 MiB
74, 99 %, 6758 MiB
73, 99 %, 6758 MiB
73, 99 %, 6758 MiB
74, 99 %, 6758 MiB
73, 99 %, 6758 MiB
73, 99 %, 6758 MiB
73, 99 %, 6758 MiB
74, 99 %, 6758 MiB
74, 99 %, 6758 MiB
73, 99 %, 6758 MiB
73, 99 %, 6758 MiB
73, 99 %, 6758 MiB
73, 98 %, 6758 MiB
73, 99 %, 6758 MiB
73, 99 %, 6758 MiB
73, 99 %, 6758 MiB
73, 99 %, 6758 MiB
73, 99 %, 6758 MiB
74, 99 %, 6758 MiB
74, 99 %, 6758 MiB
74, 99 %, 6758 MiB
74, 99 %, 6758 MiB
73, 99 %, 6758 MiB
73, 99 %, 6758 MiB
73, 99 %, 6758 MiB
73, 99 %, 6758 MiB
73, 99 %, 6758 MiB
73, 99 %, 6758 MiB
73, 99 %, 6758 MiB
73, 99 %, 6758 MiB
73, 99 %, 6758 MiB
73, 99 %, 6758 MiB
73, 99 %, 6758 MiB
74, 99 %, 6758 MiB
73, 99 %, 6758 MiB
74, 99 %, 6758 MiB
74, 99 %, 6758 MiB
73, 98 %, 6758 MiB
73, 99 %, 6758 MiB
74, 99 %, 6758 MiB
74, 99 %, 6758 MiB
74, 99 %, 6758 MiB
73, 99 %, 6758 MiB
74, 99 %, 6758 MiB
73, 99 %, 6758 MiB
74, 99 %, 6758 MiB
74, 99 %, 6758 MiB
74, 99 %, 6758 MiB
74, 98 %, 6758 MiB
73, 99 %, 6758 MiB
73, 98 %, 6758 MiB
73, 98 %, 6758 MiB
73, 99 %, 6758 MiB
73, 99 %, 6758 MiB
73, 99 %, 6758 MiB
74, 99 %, 6758 MiB
73, 99 %, 6758 MiB
73, 99 %, 6758 MiB
74, 99 %, 6758 MiB
73, 99 %, 6758 MiB
74, 99 %, 6758 MiB
73, 99 %, 6758 MiB
73, 98 %, 6758 MiB
74, 99 %, 6758 MiB
73, 99 %, 6758 MiB
73, 99 %, 6758 MiB
75, 95 %, 5238 MiB
75, 94 %, 5238 MiB
75, 94 %, 5238 MiB
75, 94 %, 5240 MiB
75, 93 %, 5242 MiB
75, 92 %, 5242 MiB
74, 90 %, 5242 MiB
65, 2 %, 5242 MiB
62, 0 %, 5242 MiB
61, 0 %, 5242 MiB
60, 0 %, 5242 MiB
68, 80 %, 5242 MiB
69, 79 %, 5242 MiB
68, 79 %, 5242 MiB
68, 79 %, 5242 MiB
68, 80 %, 5242 MiB
68, 76 %, 5242 MiB
68, 77 %, 5242 MiB
68, 77 %, 5242 MiB
69, 80 %, 5242 MiB
68, 75 %, 5242 MiB
68, 78 %, 5242 MiB
68, 72 %, 5242 MiB
68, 76 %, 5242 MiB
67, 75 %, 5242 MiB
68, 78 %, 5242 MiB
68, 78 %, 5242 MiB
67, 75 %, 5242 MiB
68, 72 %, 5242 MiB
67, 77 %, 5242 MiB
68, 76 %, 5242 MiB
67, 71 %, 5242 MiB
67, 74 %, 5242 MiB
67, 74 %, 5242 MiB
67, 72 %, 5242 MiB
67, 77 %, 5242 MiB
67, 71 %, 5242 MiB
68, 73 %, 5242 MiB
67, 74 %, 5242 MiB
67, 74 %, 5242 MiB
67, 73 %, 5242 MiB
67, 72 %, 5242 MiB
67, 71 %, 5242 MiB
67, 69 %, 5242 MiB
64, 81 %, 5242 MiB
60, 0 %, 5242 MiB
59, 0 %, 5242 MiB
67, 99 %, 6758 MiB
68, 99 %, 6758 MiB
69, 99 %, 6758 MiB
69, 99 %, 6758 MiB
70, 98 %, 6758 MiB
70, 99 %, 6758 MiB
70, 99 %, 6758 MiB
71, 99 %, 6758 MiB
71, 99 %, 6758 MiB
71, 98 %, 6758 MiB
71, 98 %, 6758 MiB
72, 99 %, 6758 MiB
72, 99 %, 6758 MiB
72, 99 %, 6758 MiB
72, 99 %, 6758 MiB
73, 99 %, 6758 MiB
73, 99 %, 6758 MiB
73, 99 %, 6758 MiB
73, 99 %, 6758 MiB
73, 99 %, 6758 MiB
73, 99 %, 6758 MiB
73, 99 %, 6758 MiB
73, 99 %, 6758 MiB
74, 99 %, 6758 MiB
74, 99 %, 6758 MiB
73, 99 %, 6758 MiB
74, 99 %, 6758 MiB
74, 99 %, 6758 MiB
74, 99 %, 6758 MiB
74, 99 %, 6758 MiB
74, 99 %, 6758 MiB
74, 99 %, 6758 MiB
74, 99 %, 6758 MiB
74, 99 %, 6758 MiB
75, 99 %, 6758 MiB
74, 99 %, 6758 MiB
74, 99 %, 6758 MiB
74, 99 %, 6758 MiB
74, 99 %, 6758 MiB
75, 99 %, 6758 MiB
74, 99 %, 6758 MiB
74, 99 %, 6758 MiB
75, 99 %, 6758 MiB
74, 98 %, 6758 MiB
74, 98 %, 6758 MiB
75, 98 %, 6758 MiB
74, 99 %, 6758 MiB
74, 99 %, 6758 MiB
74, 99 %, 6758 MiB
75, 99 %, 6758 MiB
74, 99 %, 6758 MiB
74, 99 %, 6758 MiB
74, 99 %, 6758 MiB
75, 99 %, 6758 MiB
75, 98 %, 6758 MiB
75, 99 %, 6758 MiB
74, 99 %, 6758 MiB
74, 98 %, 6758 MiB
75, 99 %, 6758 MiB
75, 99 %, 6758 MiB
74, 99 %, 6758 MiB
75, 99 %, 6758 MiB
74, 99 %, 6758 MiB
74, 99 %, 6758 MiB
75, 99 %, 6758 MiB
75, 99 %, 6758 MiB
75, 98 %, 6758 MiB
74, 99 %, 6758 MiB
75, 99 %, 6758 MiB
74, 99 %, 6758 MiB
74, 99 %, 6758 MiB
74, 99 %, 6758 MiB
74, 99 %, 6758 MiB
74, 99 %, 6758 MiB
74, 99 %, 6758 MiB
74, 99 %, 6758 MiB
74, 99 %, 6758 MiB
75, 98 %, 6758 MiB
74, 98 %, 6758 MiB
74, 99 %, 6758 MiB
74, 98 %, 6758 MiB
74, 99 %, 6758 MiB
74, 99 %, 6758 MiB
74, 99 %, 6758 MiB
75, 99 %, 6758 MiB
75, 99 %, 6758 MiB
75, 99 %, 6758 MiB
75, 99 %, 6758 MiB
74, 99 %, 6758 MiB
74, 99 %, 6758 MiB
74, 99 %, 6758 MiB
74, 99 %, 6758 MiB
74, 99 %, 6758 MiB
74, 99 %, 6758 MiB
74, 99 %, 6758 MiB
74, 99 %, 6758 MiB
74, 99 %, 6758 MiB
74, 99 %, 6758 MiB
74, 99 %, 6758 MiB
75, 99 %, 6758 MiB
74, 99 %, 6758 MiB
74, 99 %, 6758 MiB
75, 98 %, 6758 MiB
74, 99 %, 6758 MiB
74, 99 %, 6758 MiB
74, 99 %, 6758 MiB
74, 99 %, 6758 MiB
74, 99 %, 6758 MiB
74, 99 %, 6758 MiB
74, 99 %, 6758 MiB
74, 99 %, 6758 MiB
74, 99 %, 6758 MiB
75, 99 %, 6758 MiB
74, 99 %, 6758 MiB
74, 98 %, 6758 MiB
74, 99 %, 6758 MiB
74, 99 %, 6758 MiB
74, 99 %, 6758 MiB
73, 99 %, 6758 MiB
74, 99 %, 6758 MiB
74, 99 %, 6758 MiB
74, 99 %, 6758 MiB
74, 99 %, 6758 MiB
74, 99 %, 6758 MiB
74, 99 %, 6758 MiB
74, 99 %, 6758 MiB
74, 99 %, 6758 MiB
74, 99 %, 6758 MiB
74, 99 %, 6758 MiB
74, 99 %, 6758 MiB
74, 99 %, 6758 MiB
74, 99 %, 6758 MiB
74, 99 %, 6758 MiB
74, 99 %, 6758 MiB
74, 99 %, 6758 MiB
74, 99 %, 6758 MiB
74, 99 %, 6758 MiB
74, 99 %, 6758 MiB
74, 99 %, 6758 MiB
74, 99 %, 6758 MiB
74, 99 %, 6758 MiB
74, 99 %, 6758 MiB
74, 99 %, 6758 MiB
74, 99 %, 6758 MiB
74, 99 %, 6758 MiB
74, 99 %, 6758 MiB
74, 99 %, 6758 MiB
73, 99 %, 6758 MiB
74, 99 %, 6758 MiB
74, 99 %, 6758 MiB
74, 99 %, 6758 MiB
73, 98 %, 6758 MiB
74, 99 %, 6758 MiB
74, 98 %, 6758 MiB
74, 99 %, 6758 MiB
74, 99 %, 6758 MiB
73, 99 %, 6758 MiB
74, 99 %, 6758 MiB
74, 99 %, 6758 MiB
74, 99 %, 6758 MiB
74, 98 %, 6758 MiB
74, 99 %, 6758 MiB
74, 99 %, 6758 MiB
74, 99 %, 6758 MiB
74, 99 %, 6758 MiB
73, 98 %, 6758 MiB
73, 98 %, 6758 MiB
74, 99 %, 6758 MiB
74, 99 %, 6758 MiB
74, 99 %, 6758 MiB
73, 99 %, 6758 MiB
74, 99 %, 6758 MiB
73, 99 %, 6758 MiB
74, 99 %, 6758 MiB
74, 99 %, 6758 MiB
73, 99 %, 6758 MiB
74, 99 %, 6758 MiB
74, 99 %, 6758 MiB
73, 99 %, 6758 MiB
74, 99 %, 6758 MiB
74, 99 %, 6758 MiB
74, 99 %, 6758 MiB
73, 99 %, 6758 MiB
74, 98 %, 6758 MiB
74, 99 %, 6758 MiB
73, 99 %, 6758 MiB
74, 99 %, 6758 MiB
74, 99 %, 6758 MiB
74, 99 %, 6758 MiB
73, 99 %, 6758 MiB
74, 99 %, 6758 MiB
73, 98 %, 6758 MiB
74, 99 %, 6758 MiB
74, 99 %, 6758 MiB
73, 99 %, 6758 MiB
74, 99 %, 6758 MiB
73, 99 %, 6758 MiB
74, 99 %, 6758 MiB
73, 99 %, 6758 MiB
74, 99 %, 6758 MiB
74, 99 %, 6758 MiB
74, 99 %, 6758 MiB
73, 99 %, 6758 MiB
74, 99 %, 6758 MiB
74, 99 %, 6758 MiB
73, 99 %, 6758 MiB
74, 99 %, 6758 MiB
74, 99 %, 6758 MiB
74, 99 %, 6758 MiB
74, 98 %, 6758 MiB
73, 99 %, 6758 MiB
74, 99 %, 6758 MiB
74, 99 %, 6758 MiB
74, 99 %, 6758 MiB
74, 99 %, 6758 MiB
74, 99 %, 6758 MiB
73, 98 %, 6758 MiB
74, 99 %, 6758 MiB
74, 99 %, 6758 MiB
74, 98 %, 6758 MiB
74, 99 %, 6758 MiB
73, 99 %, 6758 MiB
74, 99 %, 6758 MiB
74, 99 %, 6758 MiB
74, 99 %, 6758 MiB
74, 99 %, 6758 MiB
73, 99 %, 6758 MiB
74, 99 %, 6758 MiB
74, 99 %, 6758 MiB
74, 99 %, 6758 MiB
74, 99 %, 6758 MiB
74, 99 %, 6758 MiB
74, 98 %, 6758 MiB
74, 99 %, 6758 MiB
73, 98 %, 6758 MiB
74, 99 %, 6758 MiB
74, 99 %, 6758 MiB
74, 99 %, 6758 MiB
74, 99 %, 6758 MiB
74, 99 %, 6758 MiB
73, 99 %, 6758 MiB
74, 99 %, 6758 MiB
73, 99 %, 6758 MiB
74, 99 %, 6758 MiB
74, 99 %, 6758 MiB
73, 98 %, 6758 MiB
73, 99 %, 6758 MiB
75, 99 %, 6758 MiB
74, 99 %, 6758 MiB
73, 98 %, 6758 MiB
74, 99 %, 6758 MiB
74, 99 %, 6758 MiB
73, 99 %, 6758 MiB
74, 99 %, 6758 MiB
74, 99 %, 6758 MiB
74, 99 %, 6758 MiB
74, 99 %, 6758 MiB
74, 99 %, 6758 MiB
74, 99 %, 6758 MiB
75, 99 %, 6758 MiB
74, 99 %, 6758 MiB
74, 99 %, 6758 MiB
73, 98 %, 6758 MiB
74, 99 %, 6758 MiB
74, 99 %, 6758 MiB
74, 99 %, 6758 MiB
74, 98 %, 6758 MiB
74, 99 %, 6758 MiB
73, 98 %, 6758 MiB
75, 95 %, 5238 MiB
75, 95 %, 5238 MiB
75, 94 %, 5238 MiB
75, 94 %, 5238 MiB
75, 93 %, 5242 MiB
75, 93 %, 5242 MiB
75, 91 %, 5242 MiB
65, 3 %, 5242 MiB
63, 1 %, 5242 MiB
61, 0 %, 5242 MiB
61, 0 %, 5242 MiB
66, 84 %, 5242 MiB
68, 81 %, 5242 MiB
68, 80 %, 5242 MiB
67, 78 %, 5242 MiB
68, 79 %, 5242 MiB
68, 71 %, 5242 MiB
67, 73 %, 5242 MiB
68, 77 %, 5242 MiB
67, 77 %, 5242 MiB
68, 79 %, 5242 MiB
67, 78 %, 5242 MiB
68, 78 %, 5242 MiB
67, 70 %, 5242 MiB
67, 78 %, 5242 MiB
67, 71 %, 5242 MiB
68, 77 %, 5242 MiB
68, 77 %, 5242 MiB
68, 76 %, 5242 MiB
68, 75 %, 5242 MiB
67, 76 %, 5242 MiB
67, 73 %, 5242 MiB
68, 75 %, 5242 MiB
68, 76 %, 5242 MiB
68, 74 %, 5242 MiB
67, 71 %, 5242 MiB
67, 71 %, 5242 MiB
67, 68 %, 5242 MiB
62, 0 %, 5242 MiB
60, 0 %, 5242 MiB
